longitude,latitude,offense,description
-93.2812965,44.9564296,DASLT1  ,1ST DEG DOMES ASLT            
-93.26643361,44.95284167,DASLT1  ,1ST DEG DOMES ASLT            
45.02317158,-93.30703936,DASLT2,2nd Deg Domes Aslt
45.02136805,-93.30828599,DASLT2,2nd Deg Domes Aslt
44.98536506,-93.31213143,DASLT2,2nd Deg Domes Aslt
44.9259812,-93.27015718,DASLT2,2nd Deg Domes Aslt
44.95283819,-93.27660134,DASLT2,2nd Deg Domes Aslt
45.03942872,-93.28731427,DASLT2,2nd Deg Domes Aslt
44.94474,-93.24994,DASLT2,2nd Deg Domes Aslt
45.01951514,-93.30191189,DASLT2,2nd Deg Domes Aslt
44.95645994,-93.24596583,DASLT2,2nd Deg Domes Aslt
44.96268918,-93.26702919,DASLT2,2nd Deg Domes Aslt
44.99416,-93.30194,DASLT2,2nd Deg Domes Aslt
45.0129579,-93.28721804,DASLT2,2nd Deg Domes Aslt
44.94213682,-93.25245292,DASLT2,2nd Deg Domes Aslt
44.96393018,-93.26037014,DASLT2,2nd Deg Domes Aslt
44.9698153,-93.27713789,DASLT2,2nd Deg Domes Aslt
44.97139491,-93.21626788,DASLT2,2nd Deg Domes Aslt
44.98811918,-93.29912739,DASLT2,2nd Deg Domes Aslt
44.99980588,-93.25498709,DASLT2,2nd Deg Domes Aslt
44.96771406,-93.25680309,DASLT2,2nd Deg Domes Aslt
44.98539131,-93.30575639,DASLT2,2nd Deg Domes Aslt
44.9698153,-93.27713789,DASLT2,2nd Deg Domes Aslt
44.98080828,-93.27314066,DASLT2,2nd Deg Domes Aslt
44.99423313,-93.30949764,DASLT2,2nd Deg Domes Aslt
45.02228,-93.30957,DASLT2,2nd Deg Domes Aslt
44.96521879,-93.27087197,DASLT2,2nd Deg Domes Aslt
44.94226899,-93.27022217,DASLT2,2nd Deg Domes Aslt
44.93867187,-93.26634383,DASLT2,2nd Deg Domes Aslt
44.94958302,-93.27664165,DASLT2,2nd Deg Domes Aslt
44.94921324,-93.25630999,DASLT2,2nd Deg Domes Aslt
44.99828543,-93.29563845,DASLT2,2nd Deg Domes Aslt
44.96938053,-93.2778161,DASLT2,2nd Deg Domes Aslt
44.9695447,-93.21890261,DASLT2,2nd Deg Domes Aslt
44.99423313,-93.30949764,DASLT2,2nd Deg Domes Aslt
44.95264966,-93.23715551,DASLT2,2nd Deg Domes Aslt
44.96704546,-93.27932994,DASLT2,2nd Deg Domes Aslt
44.9991114,-93.28101713,DASLT2,2nd Deg Domes Aslt
45.02136805,-93.30828599,DASLT2,2nd Deg Domes Aslt
45.0098827,-93.24825162,DASLT2,2nd Deg Domes Aslt
44.98086593,-93.27076425,DASLT2,2nd Deg Domes Aslt
45.01217708,-93.25167602,DASLT2,2nd Deg Domes Aslt
44.94211071,-93.29199248,DASLT2,2nd Deg Domes Aslt
44.99780594,-93.23971433,DASLT2,2nd Deg Domes Aslt
44.99911282,-93.24099956,DASLT2,2nd Deg Domes Aslt
44.95821922,-93.27962189,DASLT2,2nd Deg Domes Aslt
44.93866169,-93.22570751,DASLT2,2nd Deg Domes Aslt
44.97834679,-93.26639258,DASLT2,2nd Deg Domes Aslt
44.89881249,-93.22538824,DASLT2,2nd Deg Domes Aslt
44.99913516,-93.28682309,DASLT2,2nd Deg Domes Aslt
45.03773833,-93.3066381,DASLT2,2nd Deg Domes Aslt
44.94836,-93.27792,DASLT2,2nd Deg Domes Aslt
45.00602582,-93.31052998,DASLT2,2nd Deg Domes Aslt
44.99361158,-93.30696408,DASLT2,2nd Deg Domes Aslt
44.99972088,-93.3146137,DASLT2,2nd Deg Domes Aslt
44.92240007,-93.27149946,DASLT2,2nd Deg Domes Aslt
44.94748742,-93.2626658,DASLT2,2nd Deg Domes Aslt
45.02845855,-93.28809533,DASLT2,2nd Deg Domes Aslt
44.95464106,-93.24736686,DASLT2,2nd Deg Domes Aslt
44.94835805,-93.26204108,DASLT2,2nd Deg Domes Aslt
44.92422349,-93.25112691,DASLT2,2nd Deg Domes Aslt
45.01311,-93.28068,DASLT2,2nd Deg Domes Aslt
45.04661921,-93.28763199,DASLT2,2nd Deg Domes Aslt
44.9915,-93.30321,DASLT2,2nd Deg Domes Aslt
45.0113507,-93.28643056,DASLT2,2nd Deg Domes Aslt
44.94225437,-93.27535711,DASLT2,2nd Deg Domes Aslt
44.99149922,-93.29882874,DASLT2,2nd Deg Domes Aslt
44.98086593,-93.27076425,DASLT2,2nd Deg Domes Aslt
45.01133796,-93.29243031,DASLT2,2nd Deg Domes Aslt
44.98086593,-93.27076425,DASLT2,2nd Deg Domes Aslt
45.01309601,-93.28864839,DASLT2,2nd Deg Domes Aslt
45.014097,-93.30064649,DASLT2,2nd Deg Domes Aslt
44.95284655,-93.28425027,DASLT2,2nd Deg Domes Aslt
44.97234382,-93.2770982,DASLT2,2nd Deg Domes Aslt
44.92604165,-93.26756296,DASLT2,2nd Deg Domes Aslt
44.98086593,-93.27076425,DASLT2,2nd Deg Domes Aslt
44.94750642,-93.26901929,DASLT2,2nd Deg Domes Aslt
45.0248827,-93.29438581,DASLT2,2nd Deg Domes Aslt
44.99153,-93.31334,DASLT2,2nd Deg Domes Aslt
44.96001945,-93.25965944,DASLT2,2nd Deg Domes Aslt
44.9505622,-93.27387557,DASLT2,2nd Deg Domes Aslt
45.03282838,-93.26512814,DASLT2,2nd Deg Domes Aslt
44.97882129,-93.25950751,DASLT2,2nd Deg Domes Aslt
44.99228641,-93.30822355,DASLT2,2nd Deg Domes Aslt
44.98336286,-93.30197866,DASLT2,2nd Deg Domes Aslt
44.97758226,-93.2753473,DASLT2,2nd Deg Domes Aslt
44.95101337,-93.24994104,DASLT2,2nd Deg Domes Aslt
45.01227101,-93.29811148,DASLT2,2nd Deg Domes Aslt
45.024874,-93.29312137,DASLT2,2nd Deg Domes Aslt
45.03665,-93.30283,DASLT2,2nd Deg Domes Aslt
0,0,DASLT2,2nd Deg Domes Aslt
45.00598655,-93.30125606,DASLT2,2nd Deg Domes Aslt
45.02304272,-93.29058037,DASLT2,2nd Deg Domes Aslt
44.9652876,-93.27933147,DASLT2,2nd Deg Domes Aslt
45.0157993,-93.28802615,DASLT2,2nd Deg Domes Aslt
44.96093146,-93.25549908,DASLT2,2nd Deg Domes Aslt
44.99228172,-93.29944245,DASLT2,2nd Deg Domes Aslt
45.01399955,-93.28802025,DASLT2,2nd Deg Domes Aslt
44.95284261,-93.27965923,DASLT2,2nd Deg Domes Aslt
45.0020533,-93.29410976,DASLT2,2nd Deg Domes Aslt
44.97849,-93.30834,DASLT2,2nd Deg Domes Aslt
44.95822376,-93.28675977,DASLT2,2nd Deg Domes Aslt
44.9915058,-93.29258554,DASLT2,2nd Deg Domes Aslt
44.96806,-93.2651,DASLT2,2nd Deg Domes Aslt
44.9748014,-93.27660002,DASLT2,2nd Deg Domes Aslt
44.93585216,-93.22514216,DASLT2,2nd Deg Domes Aslt
45.02136805,-93.30828599,DASLT2,2nd Deg Domes Aslt
44.9546312,-93.27659023,DASLT2,2nd Deg Domes Aslt
44.96180546,-93.28927532,DASLT2,2nd Deg Domes Aslt
44.96628014,-93.2746676,DASLT2,2nd Deg Domes Aslt
44.9988226,-93.31526057,DASLT2,2nd Deg Domes Aslt
45.01861,-93.30191,DASLT2,2nd Deg Domes Aslt
44.92422671,-93.24731731,DASLT2,2nd Deg Domes Aslt
45.014097,-93.30064649,DASLT2,2nd Deg Domes Aslt
45.0129579,-93.28721804,DASLT2,2nd Deg Domes Aslt
44.99916,-93.29564,DASLT2,2nd Deg Domes Aslt
44.99388864,-93.25083585,DASLT2,2nd Deg Domes Aslt
45.04481836,-93.30297194,DASLT2,2nd Deg Domes Aslt
44.9592,-93.26898,DASLT2,2nd Deg Domes Aslt
44.96276256,-93.23378076,DASLT2,2nd Deg Domes Aslt
44.96413843,-93.25084677,DASLT2,2nd Deg Domes Aslt
45.01589753,-93.30064578,DASLT2,2nd Deg Domes Aslt
45.02127268,-93.29686503,DASLT2,2nd Deg Domes Aslt
45.00774,-93.29305,DASLT2,2nd Deg Domes Aslt
45.00741388,-93.24736822,DASLT2,2nd Deg Domes Aslt
45.04842556,-93.29150504,DASLT2,2nd Deg Domes Aslt
45.0129579,-93.28721804,DASLT2,2nd Deg Domes Aslt
44.99360782,-93.29717671,DASLT2,2nd Deg Domes Aslt
45.00642144,-93.24736561,DASLT2,2nd Deg Domes Aslt
45.02136805,-93.30828599,DASLT2,2nd Deg Domes Aslt
-93.30444715,44.99577428,DASLT2  ,2ND DEG DOMES ASLT            
-93.27658196,44.9645834,DASLT2  ,2ND DEG DOMES ASLT            
-93.30694909,45.00183032,DASLT2  ,2ND DEG DOMES ASLT            
-93.25336333,44.98749774,DASLT2  ,2ND DEG DOMES ASLT            
-93.31403261,45.00847933,DASLT2  ,2ND DEG DOMES ASLT            
-93.28807926,45.02664866,DASLT2  ,2ND DEG DOMES ASLT            
-93.27477304,44.98282654,DASLT2  ,2ND DEG DOMES ASLT            
-93.29302,44.98017,DASLT2  ,2ND DEG DOMES ASLT            
-93.29150504,45.04842556,DASLT2  ,2ND DEG DOMES ASLT            
-93.25246604,44.94382254,DASLT2  ,2ND DEG DOMES ASLT            
-93.31609046,45.02861929,DASLT2  ,2ND DEG DOMES ASLT            
-93.24606514,44.92962558,DASLT2  ,2ND DEG DOMES ASLT            
-93.30820594,45.00148534,DASLT2  ,2ND DEG DOMES ASLT            
-93.25878084,44.95643483,DASLT2  ,2ND DEG DOMES ASLT            
-93.28929423,45.01760662,DASLT2  ,2ND DEG DOMES ASLT            
-93.29278247,45.04842617,DASLT2  ,2ND DEG DOMES ASLT            
-93.26382938,44.96716695,DASLT2  ,2ND DEG DOMES ASLT            
-93.26109484,44.96001832,DASLT2  ,2ND DEG DOMES ASLT            
-93.23602,44.94837,DASLT2  ,2ND DEG DOMES ASLT            
-93.25396,44.96273,DASLT2  ,2ND DEG DOMES ASLT            
-93.29278247,45.04842617,DASLT2  ,2ND DEG DOMES ASLT            
-93.25112908,44.91880276,DASLT2  ,2ND DEG DOMES ASLT            
-93.30571,45.01323,DASLT2  ,2ND DEG DOMES ASLT            
-93.30912213,45.00444955,DASLT2  ,2ND DEG DOMES ASLT            
-93.31077401,44.99969153,DASLT2  ,2ND DEG DOMES ASLT            
-93.30191189,45.01951514,DASLT2  ,2ND DEG DOMES ASLT            
-93.30825147,45.01595006,DASLT2  ,2ND DEG DOMES ASLT            
-93.2778161,44.96938053,DASLT2  ,2ND DEG DOMES ASLT            
-93.29406668,45.04842509,DASLT2  ,2ND DEG DOMES ASLT            
-93.24609135,44.95464577,DASLT2  ,2ND DEG DOMES ASLT            
-93.24485196,44.9572173,DASLT2  ,2ND DEG DOMES ASLT            
-93.22708129,44.94761321,DASLT2  ,2ND DEG DOMES ASLT            
-93.31344814,45.0250016,DASLT2  ,2ND DEG DOMES ASLT            
-93.26005181,44.95643072,DASLT2  ,2ND DEG DOMES ASLT            
-93.24868243,44.94921947,DASLT2  ,2ND DEG DOMES ASLT            
-93.29307047,45.01944202,DASLT2  ,2ND DEG DOMES ASLT            
-93.26008241,44.91337573,DASLT2  ,2ND DEG DOMES ASLT            
-93.31077482,44.9942419,DASLT2  ,2ND DEG DOMES ASLT            
-93.29688932,45.02308463,DASLT2  ,2ND DEG DOMES ASLT            
-93.27660134,44.95283819,DASLT2  ,2ND DEG DOMES ASLT            
-93.28649282,45.01579673,DASLT2  ,2ND DEG DOMES ASLT            
-93.31078891,45.0105387,DASLT2  ,2ND DEG DOMES ASLT            
-93.29704722,45.0305573,DASLT2  ,2ND DEG DOMES ASLT            
-93.2631021,45.00690356,DASLT2  ,2ND DEG DOMES ASLT            
-93.21890261,44.9695447,DASLT2  ,2ND DEG DOMES ASLT            
-93.25244421,44.95464095,DASLT2  ,2ND DEG DOMES ASLT            
-93.31464553,44.98957411,DASLT2  ,2ND DEG DOMES ASLT            
-93.22040609,44.89906786,DASLT2  ,2ND DEG DOMES ASLT            
-93.24488449,44.96774257,DASLT2  ,2ND DEG DOMES ASLT            
-93.24485196,44.9572173,DASLT2  ,2ND DEG DOMES ASLT            
-93.2537573,44.94564169,DASLT2  ,2ND DEG DOMES ASLT            
-93.27713789,44.9698153,DASLT2  ,2ND DEG DOMES ASLT            
-93.27186716,45.0140641,DASLT2  ,2ND DEG DOMES ASLT            
-93.25135795,44.98540621,DASLT2  ,2ND DEG DOMES ASLT            
-93.28126751,44.96000811,DASLT2  ,2ND DEG DOMES ASLT            
-93.29105149,45.003144,DASLT2  ,2ND DEG DOMES ASLT            
-93.26844,44.97922,DASLT2  ,2ND DEG DOMES ASLT            
-93.2918071,45.01582297,DASLT2  ,2ND DEG DOMES ASLT            
-93.29938196,45.01228236,DASLT2  ,2ND DEG DOMES ASLT            
-93.31464014,45.02137483,DASLT2  ,2ND DEG DOMES ASLT            
-93.24736561,45.00642144,DASLT2  ,2ND DEG DOMES ASLT            
-93.29663215,45.04842871,DASLT2  ,2ND DEG DOMES ASLT            
-93.27282893,44.94581327,DASLT2  ,2ND DEG DOMES ASLT            
-93.27276,44.96395,DASLT2  ,2ND DEG DOMES ASLT            
-93.30313297,45.03544702,DASLT2  ,2ND DEG DOMES ASLT            
-93.30322104,44.98879004,DASLT2  ,2ND DEG DOMES ASLT            
-93.29573677,44.94880987,DASLT2  ,2ND DEG DOMES ASLT            
-93.21954218,44.92694745,DASLT2  ,2ND DEG DOMES ASLT            
-93.29559295,45.01765132,DASLT2  ,2ND DEG DOMES ASLT            
-93.29831537,44.94565123,DASLT2  ,2ND DEG DOMES ASLT            
-93.24867734,44.94565083,DASLT2  ,2ND DEG DOMES ASLT            
-93.28922406,44.98675969,DASLT2  ,2ND DEG DOMES ASLT            
-93.2573201,45.01108306,DASLT2  ,2ND DEG DOMES ASLT            
-93.29258666,44.99360062,DASLT2  ,2ND DEG DOMES ASLT            
-93.25542523,44.96454265,DASLT2  ,2ND DEG DOMES ASLT            
-93.30948844,45.0014961,DASLT2  ,2ND DEG DOMES ASLT            
-93.30730796,45.00512401,DASLT2  ,2ND DEG DOMES ASLT            
-93.29059709,45.02485438,DASLT2  ,2ND DEG DOMES ASLT            
-93.28799,45.0048,DASLT2  ,2ND DEG DOMES ASLT            
-93.24485196,44.9572173,DASLT2  ,2ND DEG DOMES ASLT            
-93.26252692,44.93685416,DASLT2  ,2ND DEG DOMES ASLT            
-93.28493299,45.00203096,DASLT2  ,2ND DEG DOMES ASLT            
-93.31344814,45.0250016,DASLT2  ,2ND DEG DOMES ASLT            
-93.2981055,45.00867213,DASLT2  ,2ND DEG DOMES ASLT            
-93.27713789,44.9698153,DASLT2  ,2ND DEG DOMES ASLT            
-93.28282286,44.9769409,DASLT2  ,2ND DEG DOMES ASLT            
-93.3006449,45.012291,DASLT2  ,2ND DEG DOMES ASLT            
-93.29304617,45.00684445,DASLT2  ,2ND DEG DOMES ASLT            
-93.2893173,45.02303274,DASLT2  ,2ND DEG DOMES ASLT            
-93.28068235,44.89303626,DASLT2  ,2ND DEG DOMES ASLT            
-93.23139981,44.98783608,DASLT2  ,2ND DEG DOMES ASLT            
-93.23297563,44.9659472,DASLT2  ,2ND DEG DOMES ASLT            
-93.29092905,44.98678098,DASLT2  ,2ND DEG DOMES ASLT            
-93.26527248,44.99870309,DASLT2  ,2ND DEG DOMES ASLT            
-93.31526321,44.99154053,DASLT2  ,2ND DEG DOMES ASLT            
-93.29009655,44.98560981,DASLT2  ,2ND DEG DOMES ASLT            
-93.30571693,45.01593309,DASLT2  ,2ND DEG DOMES ASLT            
-93.29882874,44.99149922,DASLT2  ,2ND DEG DOMES ASLT            
-93.28646489,45.00203003,DASLT2  ,2ND DEG DOMES ASLT            
-93.30951,45.01324,DASLT2  ,2ND DEG DOMES ASLT            
-93.26259891,44.94227207,DASLT2  ,2ND DEG DOMES ASLT            
-93.27275923,44.96332,DASLT2  ,2ND DEG DOMES ASLT            
-93.24824208,45.01087166,DASLT2  ,2ND DEG DOMES ASLT            
-93.28192559,44.89062727,DASLT2  ,2ND DEG DOMES ASLT            
-93.2484969,44.96811948,DASLT2  ,2ND DEG DOMES ASLT            
-93.29831682,45.03246022,DASLT2  ,2ND DEG DOMES ASLT            
-93.26583963,44.97352012,DASLT2  ,2ND DEG DOMES ASLT            
-93.23028006,44.97309794,DASLT2  ,2ND DEG DOMES ASLT            
-93.29410976,45.0020533,DASLT2  ,2ND DEG DOMES ASLT            
-93.291305,44.98471817,DASLT2  ,2ND DEG DOMES ASLT            
-93.24859419,44.95823739,DASLT2  ,2ND DEG DOMES ASLT            
-93.31462406,44.99244587,DASLT2  ,2ND DEG DOMES ASLT            
-93.22849787,44.94045427,DASLT2  ,2ND DEG DOMES ASLT            
-93.26583963,44.97352012,DASLT2  ,2ND DEG DOMES ASLT            
-93.2907183,45.03544947,DASLT2  ,2ND DEG DOMES ASLT            
-93.23708617,44.98230574,DASLT2  ,2ND DEG DOMES ASLT            
-93.2748,44.97798,DASLT2  ,2ND DEG DOMES ASLT            
-93.28652103,45.02120951,DASLT2  ,2ND DEG DOMES ASLT            
-93.23460561,44.981964,DASLT2  ,2ND DEG DOMES ASLT            
-93.31693081,45.04851114,DASLT2  ,2ND DEG DOMES ASLT            
-93.29410976,45.0020533,DASLT2  ,2ND DEG DOMES ASLT            
-93.31334542,45.01776084,DASLT2  ,2ND DEG DOMES ASLT            
-93.28767398,45.05022281,DASLT2  ,2ND DEG DOMES ASLT            
-93.28282286,44.9769409,DASLT2  ,2ND DEG DOMES ASLT            
-93.28499736,45.02120651,DASLT2  ,2ND DEG DOMES ASLT            
-93.2976207,45.00599777,DASLT2  ,2ND DEG DOMES ASLT            
-93.270103,45.00804094,DASLT2  ,2ND DEG DOMES ASLT            
-93.22289841,44.90401337,DASLT2  ,2ND DEG DOMES ASLT            
-93.28125485,44.96179868,DASLT2  ,2ND DEG DOMES ASLT            
-93.30952881,44.98869878,DASLT2  ,2ND DEG DOMES ASLT            
-93.28213094,44.95553348,DASLT2  ,2ND DEG DOMES ASLT            
-93.30214193,45.00392809,DASLT2  ,2ND DEG DOMES ASLT            
-93.23903648,45.02392802,DASLT2  ,2ND DEG DOMES ASLT            
-93.31334064,44.99607737,DASLT2  ,2ND DEG DOMES ASLT            
-93.2537573,44.94564169,DASLT2  ,2ND DEG DOMES ASLT            
-93.24858456,44.96092779,DASLT2  ,2ND DEG DOMES ASLT            
-93.2701403,44.92778697,DASLT2  ,2ND DEG DOMES ASLT            
-93.27275983,44.96574682,DASLT2  ,2ND DEG DOMES ASLT            
-93.2766367,44.94225054,DASLT2  ,2ND DEG DOMES ASLT            
-93.22291914,44.90265656,DASLT2  ,2ND DEG DOMES ASLT            
-93.24361981,44.94795179,DASLT2  ,2ND DEG DOMES ASLT            
-93.30828599,45.02136805,DASLT2  ,2ND DEG DOMES ASLT            
-93.28565524,44.99860841,DASLT2  ,2ND DEG DOMES ASLT            
-93.2435819,44.94043249,DASLT2  ,2ND DEG DOMES ASLT            
-93.30828599,45.02136805,DASLT2  ,2ND DEG DOMES ASLT            
-93.23677981,44.98153641,DASLT2  ,2ND DEG DOMES ASLT            
-93.26011892,44.94745192,DASLT2  ,2ND DEG DOMES ASLT            
-93.27736013,44.97677369,DASLT2  ,2ND DEG DOMES ASLT            
-93.30315672,45.00689686,DASLT2  ,2ND DEG DOMES ASLT            
-93.28953171,44.9313476,DASLT2  ,2ND DEG DOMES ASLT            
-93.29565162,44.95867329,DASLT2  ,2ND DEG DOMES ASLT            
-93.27657546,44.95642346,DASLT2  ,2ND DEG DOMES ASLT            
-93.30962,44.97355,DASLT2  ,2ND DEG DOMES ASLT            
-93.28722134,45.00258038,DASLT2  ,2ND DEG DOMES ASLT            
-93.26265117,44.95063475,DASLT2  ,2ND DEG DOMES ASLT            
-93.28499736,45.02120651,DASLT2  ,2ND DEG DOMES ASLT            
-93.26258087,44.92061352,DASLT2  ,2ND DEG DOMES ASLT            
-93.25245292,44.94213682,DASLT2  ,2ND DEG DOMES ASLT            
-93.31780069,44.998839,DASLT2  ,2ND DEG DOMES ASLT            
-93.30669029,45.00409793,DASLT2  ,2ND DEG DOMES ASLT            
-93.31207412,45.01234399,DASLT2  ,2ND DEG DOMES ASLT            
44.98720974,-93.28094392,DASLT3,3rd Deg Domes Aslt
45.01399588,-93.28647953,DASLT3,3rd Deg Domes Aslt
45.01211932,-93.27172926,DASLT3,3rd Deg Domes Aslt
44.96900367,-93.25672375,DASLT3,3rd Deg Domes Aslt
44.96180077,-93.2778187,DASLT3,3rd Deg Domes Aslt
44.99737307,-93.28707422,DASLT3,3rd Deg Domes Aslt
45.00684445,-93.29304617,DASLT3,3rd Deg Domes Aslt
44.93693343,-93.26378978,DASLT3,3rd Deg Domes Aslt
44.97027537,-93.21940072,DASLT3,3rd Deg Domes Aslt
44.96095111,-93.24170829,DASLT3,3rd Deg Domes Aslt
44.95464417,-93.28932182,DASLT3,3rd Deg Domes Aslt
44.95642818,-93.27786411,DASLT3,3rd Deg Domes Aslt
45.01588272,-93.26892021,DASLT3,3rd Deg Domes Aslt
45.00940913,-93.24380585,DASLT3,3rd Deg Domes Aslt
44.95821474,-93.26640963,DASLT3,3rd Deg Domes Aslt
44.9572173,-93.24485196,DASLT3,3rd Deg Domes Aslt
44.89870621,-93.22418506,DASLT3,3rd Deg Domes Aslt
-93.2759,44.97718,DASLT3  ,3RD DEG DOMES ASLT            
-93.29830281,44.99415137,DASLT3  ,3RD DEG DOMES ASLT            
-93.24485196,44.9572173,DASLT3  ,3RD DEG DOMES ASLT            
-93.25293809,44.96002924,DASLT3  ,3RD DEG DOMES ASLT            
-93.24739481,44.95101495,DASLT3  ,3RD DEG DOMES ASLT            
-93.2113691,44.91445114,DASLT3  ,3RD DEG DOMES ASLT            
-93.22280467,44.91524194,DASLT3  ,3RD DEG DOMES ASLT            
-93.24865046,44.95285114,DASLT3  ,3RD DEG DOMES ASLT            
-93.30318077,45.01411528,DASLT3  ,3RD DEG DOMES ASLT            
-93.24932366,44.94836921,DASLT3  ,3RD DEG DOMES ASLT            
-93.25672375,44.96900367,DASLT3  ,3RD DEG DOMES ASLT            
-93.24988828,44.99769744,DASLT3  ,3RD DEG DOMES ASLT            
-93.28802025,45.01399955,DASLT3  ,3RD DEG DOMES ASLT            
-93.28799802,45.00861324,DASLT3  ,3RD DEG DOMES ASLT            
-93.27960819,44.96000889,DASLT3  ,3RD DEG DOMES ASLT            
-93.22589758,44.89981794,DASLT3  ,3RD DEG DOMES ASLT            
-93.25892857,44.96640282,DASLT3  ,3RD DEG DOMES ASLT            
-93.29559151,45.01584633,DASLT3  ,3RD DEG DOMES ASLT            
-93.25820367,44.96002149,DASLT3  ,3RD DEG DOMES ASLT            
-93.30701302,44.98699004,DASLT3  ,3RD DEG DOMES ASLT            
-93.29304617,45.00684445,DASLT3  ,3RD DEG DOMES ASLT            
-93.30698316,45.01594145,DASLT3  ,3RD DEG DOMES ASLT            
-93.25378,44.94837,DASLT3  ,3RD DEG DOMES ASLT            
-93.22448623,44.93495102,DASLT3  ,3RD DEG DOMES ASLT            
-93.29278247,45.04842617,DASLT3  ,3RD DEG DOMES ASLT            
-93.26013598,44.97700051,DASLT3  ,3RD DEG DOMES ASLT            
-93.22418506,44.89870621,DASLT3  ,3RD DEG DOMES ASLT            
-93.27719767,44.95919398,DASLT3  ,3RD DEG DOMES ASLT            
-93.23213158,44.92599396,DASLT3  ,3RD DEG DOMES ASLT            
-93.2881,44.94836,DASLT3  ,3RD DEG DOMES ASLT            
-93.27713789,44.9698153,DASLT3  ,3RD DEG DOMES ASLT            
-93.29410754,45.00426231,DASLT3  ,3RD DEG DOMES ASLT            
-93.26765783,44.96671735,DASLT3  ,3RD DEG DOMES ASLT            
-93.24485196,44.9572173,DASLT3  ,3RD DEG DOMES ASLT            
-93.26766409,44.95823502,DASLT3  ,3RD DEG DOMES ASLT            
-93.30949764,44.99423313,DASLT3  ,3RD DEG DOMES ASLT            
-93.25243756,44.99780329,DASLT3  ,3RD DEG DOMES ASLT            
-93.3146137,44.99972088,DASLT3  ,3RD DEG DOMES ASLT            
-93.2808233,44.97209526,DASLT3  ,3RD DEG DOMES ASLT            
-93.25051548,44.95733541,DASLT3  ,3RD DEG DOMES ASLT            
-93.27282893,44.94581327,DASLT3  ,3RD DEG DOMES ASLT            
-93.27275923,44.96332,DASLT3  ,3RD DEG DOMES ASLT            
-93.23998462,44.89891671,DASLT3  ,3RD DEG DOMES ASLT            
-93.22707655,44.94225958,DASLT3  ,3RD DEG DOMES ASLT            
-93.27660134,44.95283819,DASLT3  ,3RD DEG DOMES ASLT            
-93.2766367,44.94225054,DASLT3  ,3RD DEG DOMES ASLT            
-93.29944361,44.97966674,DASLT3  ,3RD DEG DOMES ASLT            
-93.25630999,44.94921324,DASLT3  ,3RD DEG DOMES ASLT            
-93.28605,44.96846,DASLT3  ,3RD DEG DOMES ASLT            
-93.27150683,44.9792772,DASLT3  ,3RD DEG DOMES ASLT            
44.9639669,-93.26383258,DASTR,Domestic Assault/Strangulation
45.04851643,-93.31820226,DASTR,Domestic Assault/Strangulation
44.97791736,-93.26860772,DASTR,Domestic Assault/Strangulation
44.96949537,-93.22054857,DASTR,Domestic Assault/Strangulation
44.98309944,-93.24557297,DASTR,Domestic Assault/Strangulation
44.95017246,-93.23077493,DASTR,Domestic Assault/Strangulation
44.96806562,-93.27713536,DASTR,Domestic Assault/Strangulation
45.05024551,-93.30046804,DASTR,Domestic Assault/Strangulation
44.95284396,-93.28132162,DASTR,Domestic Assault/Strangulation
45.04842556,-93.29150504,DASTR,Domestic Assault/Strangulation
45.01407589,-93.29811351,DASTR,Domestic Assault/Strangulation
44.97758226,-93.2753473,DASTR,Domestic Assault/Strangulation
44.93859786,-93.29075077,DASTR,Domestic Assault/Strangulation
45.01759598,-93.28650355,DASTR,Domestic Assault/Strangulation
45.0058149,-93.25755429,DASTR,Domestic Assault/Strangulation
44.9901472,-93.30698272,DASTR,Domestic Assault/Strangulation
44.98720974,-93.28094392,DASTR,Domestic Assault/Strangulation
44.99469001,-93.29411544,DASTR,Domestic Assault/Strangulation
45.01235203,-93.30823595,DASTR,Domestic Assault/Strangulation
45.04661921,-93.28763199,DASTR,Domestic Assault/Strangulation
44.98137672,-93.24786427,DASTR,Domestic Assault/Strangulation
45.01773639,-93.30572093,DASTR,Domestic Assault/Strangulation
45.03761691,-93.28883959,DASTR,Domestic Assault/Strangulation
44.97596197,-93.28345573,DASTR,Domestic Assault/Strangulation
44.9511821,-93.29062928,DASTR,Domestic Assault/Strangulation
44.95195349,-93.28743536,DASTR,Domestic Assault/Strangulation
45.0502314,-93.2966301,DASTR,Domestic Assault/Strangulation
44.91669505,-93.21323789,DASTR,Domestic Assault/Strangulation
44.90057845,-93.22654515,DASTR,Domestic Assault/Strangulation
45.01053476,-93.3082279,DASTR,Domestic Assault/Strangulation
45.02126793,-93.2956041,DASTR,Domestic Assault/Strangulation
44.92781897,-93.24226683,DASTR,Domestic Assault/Strangulation
44.97316017,-93.22068468,DASTR,Domestic Assault/Strangulation
45.04842556,-93.29150504,DASTR,Domestic Assault/Strangulation
44.9466036,-93.2849355,DASTR,Domestic Assault/Strangulation
44.96180077,-93.2778187,DASTR,Domestic Assault/Strangulation
44.96692818,-93.28322844,DASTR,Domestic Assault/Strangulation
44.98816666,-93.27760082,DASTR,Domestic Assault/Strangulation
44.95643118,-93.28422219,DASTR,Domestic Assault/Strangulation
44.96806562,-93.27713536,DASTR,Domestic Assault/Strangulation
45.01414127,-93.31079374,DASTR,Domestic Assault/Strangulation
44.99971241,-93.29716629,DASTR,Domestic Assault/Strangulation
45.00203003,-93.28646489,DASTR,Domestic Assault/Strangulation
45.00863184,-93.29178548,DASTR,Domestic Assault/Strangulation
44.95823095,-93.25876543,DASTR,Domestic Assault/Strangulation
45.01583896,-93.29433053,DASTR,Domestic Assault/Strangulation
44.9170031,-93.26901183,DASTR,Domestic Assault/Strangulation
45.03750743,-93.30159691,DASTR,Domestic Assault/Strangulation
44.97059714,-93.21863389,DASTR,Domestic Assault/Strangulation
45.00778671,-93.2352478,DASTR,Domestic Assault/Strangulation
44.94381988,-93.29450872,DASTR,Domestic Assault/Strangulation
44.94835848,-93.21974405,DASTR,Domestic Assault/Strangulation
44.94866349,-93.31720819,DASTR,Domestic Assault/Strangulation
44.94044075,-93.27791575,DASTR,Domestic Assault/Strangulation
45.01403257,-93.29433185,DASTR,Domestic Assault/Strangulation
44.96932761,-93.2808366,DASTR,Domestic Assault/Strangulation
44.96885453,-93.25892896,DASTR,Domestic Assault/Strangulation
45.00371,-93.29564,DASTR,Domestic Assault/Strangulation
45.02671524,-93.29693567,DASTR,Domestic Assault/Strangulation
45.02489278,-93.29565034,DASTR,Domestic Assault/Strangulation
44.9488397,-93.26267192,DASTR,Domestic Assault/Strangulation
44.99470492,-93.29105405,DASTR,Domestic Assault/Strangulation
45.0008935,-93.26690906,DASTR,Domestic Assault/Strangulation
44.94565083,-93.24867734,DASTR,Domestic Assault/Strangulation
45.01588272,-93.26892021,DASTR,Domestic Assault/Strangulation
44.98515177,-93.22558261,DASTR,Domestic Assault/Strangulation
44.94475963,-93.23807829,DASTR,Domestic Assault/Strangulation
45.00557177,-93.30820797,DASTR,Domestic Assault/Strangulation
45.04300117,-93.28886042,DASTR,Domestic Assault/Strangulation
45.014079,-93.24223555,DASTR,Domestic Assault/Strangulation
44.98145779,-93.24143329,DASTR,Domestic Assault/Strangulation
44.93775659,-93.22611891,DASTR,Domestic Assault/Strangulation
45.04842556,-93.29150504,DASTR,Domestic Assault/Strangulation
45.0250016,-93.31344814,DASTR,Domestic Assault/Strangulation
44.97448559,-93.26965805,DASTR,Domestic Assault/Strangulation
44.97850074,-93.29817174,DASTR,Domestic Assault/Strangulation
45.01235203,-93.30823595,DASTR,Domestic Assault/Strangulation
44.90536934,-93.22648553,DASTR,Domestic Assault/Strangulation
44.89881249,-93.22538824,DASTR,Domestic Assault/Strangulation
45.01011844,-93.28643771,DASTR,Domestic Assault/Strangulation
44.98678098,-93.29092905,DASTR,Domestic Assault/Strangulation
45.00557177,-93.30820797,DASTR,Domestic Assault/Strangulation
44.94921221,-93.27283796,DASTR,Domestic Assault/Strangulation
44.94047824,-93.26763786,DASTR,Domestic Assault/Strangulation
44.99303717,-93.25718502,DASTR,Domestic Assault/Strangulation
44.92960962,-93.23593054,DASTR,Domestic Assault/Strangulation
45.01774565,-93.30698813,DASTR,Domestic Assault/Strangulation
45.01356972,-93.3095168,DASTR,Domestic Assault/Strangulation
44.94566323,-93.29194604,DASTR,Domestic Assault/Strangulation
44.99149922,-93.29882874,DASTR,Domestic Assault/Strangulation
44.94567052,-93.28137253,DASTR,Domestic Assault/Strangulation
44.95643511,-93.24988942,DASTR,Domestic Assault/Strangulation
44.93145329,-93.26628056,DASTR,Domestic Assault/Strangulation
45.0129579,-93.28721804,DASTR,Domestic Assault/Strangulation
44.94228025,-93.26513437,DASTR,Domestic Assault/Strangulation
44.99807204,-93.29940304,DASTR,Domestic Assault/Strangulation
45.02120651,-93.28499736,DASTR,Domestic Assault/Strangulation
44.94921221,-93.27283796,DASTR,Domestic Assault/Strangulation
44.96397449,-93.24011911,DASTR,Domestic Assault/Strangulation
44.96345478,-93.28560058,DASTR,Domestic Assault/Strangulation
45.01493,-93.29307,DASTR,Domestic Assault/Strangulation
44.96458275,-93.26510944,DASTR,Domestic Assault/Strangulation
45.00125875,-93.30562646,DASTR,Domestic Assault/Strangulation
45.01759788,-93.2880285,DASTR,Domestic Assault/Strangulation
44.89883013,-93.31120353,DASTR,Domestic Assault/Strangulation
44.96419791,-93.27857261,DASTR,Domestic Assault/Strangulation
44.94837304,-93.23079496,DASTR,Domestic Assault/Strangulation
45.04842556,-93.29150504,DASTR,Domestic Assault/Strangulation
45.01592402,-93.30444726,DASTR,Domestic Assault/Strangulation
44.90539,-93.19915,DASTR,Domestic Assault/Strangulation
44.99468791,-93.30570573,DASTR,Domestic Assault/Strangulation
44.97758226,-93.2753473,DASTR,Domestic Assault/Strangulation
44.96271189,-93.29498951,DASTR,Domestic Assault/Strangulation
44.89561447,-93.27754595,DASTR,Domestic Assault/Strangulation
44.99807204,-93.29940304,DASTR,Domestic Assault/Strangulation
44.99599689,-93.24861277,DASTR,Domestic Assault/Strangulation
45.04484821,-93.30925755,DASTR,Domestic Assault/Strangulation
44.97043737,-93.26475068,DASTR,Domestic Assault/Strangulation
-93.30699328,45.01955068,DASTR   ,DOMESTIC ASSAULT/STRANGULATION
-93.24736686,44.95464106,DASTR   ,DOMESTIC ASSAULT/STRANGULATION
-93.27156,44.95008,DASTR   ,DOMESTIC ASSAULT/STRANGULATION
-93.30214193,45.00392809,DASTR   ,DOMESTIC ASSAULT/STRANGULATION
-93.22448623,44.93495102,DASTR   ,DOMESTIC ASSAULT/STRANGULATION
-93.27033826,44.91338092,DASTR   ,DOMESTIC ASSAULT/STRANGULATION
-93.29128221,45.0295429,DASTR   ,DOMESTIC ASSAULT/STRANGULATION
-93.28721804,45.0129579,DASTR   ,DOMESTIC ASSAULT/STRANGULATION
-93.27791176,44.9332106,DASTR   ,DOMESTIC ASSAULT/STRANGULATION
-93.29577048,45.03055094,DASTR   ,DOMESTIC ASSAULT/STRANGULATION
-93.29791642,45.04842869,DASTR   ,DOMESTIC ASSAULT/STRANGULATION
-93.3013671,44.98087015,DASTR   ,DOMESTIC ASSAULT/STRANGULATION
-93.23514707,44.94837171,DASTR   ,DOMESTIC ASSAULT/STRANGULATION
-93.26634383,44.93867187,DASTR   ,DOMESTIC ASSAULT/STRANGULATION
-93.22448623,44.93495102,DASTR   ,DOMESTIC ASSAULT/STRANGULATION
-93.31881946,44.89890153,DASTR   ,DOMESTIC ASSAULT/STRANGULATION
-93.28498382,45.01939931,DASTR   ,DOMESTIC ASSAULT/STRANGULATION
-93.24225252,44.99600274,DASTR   ,DOMESTIC ASSAULT/STRANGULATION
-93.25554596,45.00999472,DASTR   ,DOMESTIC ASSAULT/STRANGULATION
-93.27890116,44.97140336,DASTR   ,DOMESTIC ASSAULT/STRANGULATION
-93.27793241,44.94579493,DASTR   ,DOMESTIC ASSAULT/STRANGULATION
-93.28652103,45.02120951,DASTR   ,DOMESTIC ASSAULT/STRANGULATION
-93.29817457,44.98946461,DASTR   ,DOMESTIC ASSAULT/STRANGULATION
-93.2955763,45.00865586,DASTR   ,DOMESTIC ASSAULT/STRANGULATION
-93.27933147,44.9652876,DASTR   ,DOMESTIC ASSAULT/STRANGULATION
-93.25628361,44.90616854,DASTR   ,DOMESTIC ASSAULT/STRANGULATION
-93.29051347,44.96589657,DASTR   ,DOMESTIC ASSAULT/STRANGULATION
-93.27183597,44.95452882,DASTR   ,DOMESTIC ASSAULT/STRANGULATION
-93.28707422,44.99737307,DASTR   ,DOMESTIC ASSAULT/STRANGULATION
-93.24859419,44.95823739,DASTR   ,DOMESTIC ASSAULT/STRANGULATION
-93.29835568,44.94211785,DASTR   ,DOMESTIC ASSAULT/STRANGULATION
-93.24736561,45.00642144,DASTR   ,DOMESTIC ASSAULT/STRANGULATION
-93.22730894,44.93231929,DASTR   ,DOMESTIC ASSAULT/STRANGULATION
-93.29641731,45.03544603,DASTR   ,DOMESTIC ASSAULT/STRANGULATION
-93.314608,45.00201285,DASTR   ,DOMESTIC ASSAULT/STRANGULATION
-93.26765521,44.96452449,DASTR   ,DOMESTIC ASSAULT/STRANGULATION
-93.27660517,44.95137668,DASTR   ,DOMESTIC ASSAULT/STRANGULATION
0,0,DASTR   ,DOMESTIC ASSAULT/STRANGULATION
-93.25243756,44.99780329,DASTR   ,DOMESTIC ASSAULT/STRANGULATION
-93.28434016,44.93860701,DASTR   ,DOMESTIC ASSAULT/STRANGULATION
-93.29235956,44.96141336,DASTR   ,DOMESTIC ASSAULT/STRANGULATION
-93.29178306,45.00683494,DASTR   ,DOMESTIC ASSAULT/STRANGULATION
-93.21012916,44.96894951,DASTR   ,DOMESTIC ASSAULT/STRANGULATION
-93.2892917,45.01580716,DASTR   ,DOMESTIC ASSAULT/STRANGULATION
-93.26267192,44.9488397,DASTR   ,DOMESTIC ASSAULT/STRANGULATION
-93.2981965,44.98336371,DASTR   ,DOMESTIC ASSAULT/STRANGULATION
-93.28809533,45.02845855,DASTR   ,DOMESTIC ASSAULT/STRANGULATION
-93.23890582,44.93862869,DASTR   ,DOMESTIC ASSAULT/STRANGULATION
-93.24611332,44.94565003,DASTR   ,DOMESTIC ASSAULT/STRANGULATION
-93.24740293,44.94565013,DASTR   ,DOMESTIC ASSAULT/STRANGULATION
-93.29410976,45.0020533,DASTR   ,DOMESTIC ASSAULT/STRANGULATION
-93.30450442,44.98330189,DASTR   ,DOMESTIC ASSAULT/STRANGULATION
-93.22589758,44.89981794,DASTR   ,DOMESTIC ASSAULT/STRANGULATION
-93.28953,44.97894,DASTR   ,DOMESTIC ASSAULT/STRANGULATION
-93.31460004,45.00693356,DASTR   ,DOMESTIC ASSAULT/STRANGULATION
-93.2778187,44.96180077,DASTR   ,DOMESTIC ASSAULT/STRANGULATION
-93.23708765,44.96589283,DASTR   ,DOMESTIC ASSAULT/STRANGULATION
-93.26252692,44.93685416,DASTR   ,DOMESTIC ASSAULT/STRANGULATION
-93.27754595,44.89561447,DASTR   ,DOMESTIC ASSAULT/STRANGULATION
-93.28929423,45.01760662,DASTR   ,DOMESTIC ASSAULT/STRANGULATION
-93.24726867,44.98443057,DASTR   ,DOMESTIC ASSAULT/STRANGULATION
-93.26639258,44.97834679,DASTR   ,DOMESTIC ASSAULT/STRANGULATION
-93.22894123,44.93864964,DASTR   ,DOMESTIC ASSAULT/STRANGULATION
-93.26341614,44.96920795,DASTR   ,DOMESTIC ASSAULT/STRANGULATION
-93.28413468,45.01197249,DASTR   ,DOMESTIC ASSAULT/STRANGULATION
-93.26463421,45.00800038,DASTR   ,DOMESTIC ASSAULT/STRANGULATION
-93.23037773,44.98694969,DASTR   ,DOMESTIC ASSAULT/STRANGULATION
-93.30194223,44.99361165,DASTR   ,DOMESTIC ASSAULT/STRANGULATION
-93.29180315,45.01403406,DASTR   ,DOMESTIC ASSAULT/STRANGULATION
-93.30965908,44.98699615,DASTR   ,DOMESTIC ASSAULT/STRANGULATION
-93.30315315,45.00555102,DASTR   ,DOMESTIC ASSAULT/STRANGULATION
-93.27970619,44.94383061,DASTR   ,DOMESTIC ASSAULT/STRANGULATION
-93.2981055,45.00867213,DASTR   ,DOMESTIC ASSAULT/STRANGULATION
-93.30320045,44.99361263,DASTR   ,DOMESTIC ASSAULT/STRANGULATION
-93.22315143,44.97365396,DASTR   ,DOMESTIC ASSAULT/STRANGULATION
-93.26511036,44.96180011,DASTR   ,DOMESTIC ASSAULT/STRANGULATION
-93.22943341,45.01411549,DASTR   ,DOMESTIC ASSAULT/STRANGULATION
-93.25373922,45.00555916,DASTR   ,DOMESTIC ASSAULT/STRANGULATION
-93.30701302,44.98699004,DASTR   ,DOMESTIC ASSAULT/STRANGULATION
-93.24231927,44.94565122,DASTR   ,DOMESTIC ASSAULT/STRANGULATION
-93.31206163,44.99424637,DASTR   ,DOMESTIC ASSAULT/STRANGULATION
-93.26249,44.93235,DASTR   ,DOMESTIC ASSAULT/STRANGULATION
-93.30912213,45.00444955,DASTR   ,DOMESTIC ASSAULT/STRANGULATION
-93.23077493,44.95017246,DASTR   ,DOMESTIC ASSAULT/STRANGULATION
-93.24226683,44.92781897,DASTR   ,DOMESTIC ASSAULT/STRANGULATION
-93.24361981,44.94795179,DASTR   ,DOMESTIC ASSAULT/STRANGULATION
-93.26611248,44.97429494,DASTR   ,DOMESTIC ASSAULT/STRANGULATION
-93.28643056,45.0113507,DASTR   ,DOMESTIC ASSAULT/STRANGULATION
-93.29717042,45.0020624,DASTR   ,DOMESTIC ASSAULT/STRANGULATION
-93.26508332,44.93866796,DASTR   ,DOMESTIC ASSAULT/STRANGULATION
-93.27474,44.98611,DASTR   ,DOMESTIC ASSAULT/STRANGULATION
-93.22589758,44.89981794,DASTR   ,DOMESTIC ASSAULT/STRANGULATION
-93.23267987,45.00777601,DASTR   ,DOMESTIC ASSAULT/STRANGULATION
-93.26829673,44.96394852,DASTR   ,DOMESTIC ASSAULT/STRANGULATION
-93.31335182,45.01235135,DASTR   ,DOMESTIC ASSAULT/STRANGULATION
-93.29704572,45.03439343,DASTR   ,DOMESTIC ASSAULT/STRANGULATION
-93.26386766,44.95463753,DASTR   ,DOMESTIC ASSAULT/STRANGULATION
-93.30574005,45.0213503,DASTR   ,DOMESTIC ASSAULT/STRANGULATION
-93.26629842,44.99469019,DASTR   ,DOMESTIC ASSAULT/STRANGULATION
-93.27783609,44.9600315,DASTR   ,DOMESTIC ASSAULT/STRANGULATION
-93.29259,45.00025,DASTR   ,DOMESTIC ASSAULT/STRANGULATION
-93.28798931,45.00085859,DASTR   ,DOMESTIC ASSAULT/STRANGULATION
-93.23384449,44.94778736,DASTR   ,DOMESTIC ASSAULT/STRANGULATION
-93.27536654,44.95015004,DASTR   ,DOMESTIC ASSAULT/STRANGULATION
-93.25672375,44.96900367,DASTR   ,DOMESTIC ASSAULT/STRANGULATION
-93.27403148,44.96574698,DASTR   ,DOMESTIC ASSAULT/STRANGULATION
-93.28132162,44.95284396,DASTR   ,DOMESTIC ASSAULT/STRANGULATION
-93.27348353,44.94835479,DASTR   ,DOMESTIC ASSAULT/STRANGULATION
-93.27772,44.97714,DASTR   ,DOMESTIC ASSAULT/STRANGULATION
-93.29627,45.02399101,DASTR   ,DOMESTIC ASSAULT/STRANGULATION
-93.247363,44.9386332,DASTR   ,DOMESTIC ASSAULT/STRANGULATION
-93.29882874,44.99149922,DASTR   ,DOMESTIC ASSAULT/STRANGULATION
-93.26583963,44.97352012,DASTR   ,DOMESTIC ASSAULT/STRANGULATION
-93.270103,45.00804094,DASTR   ,DOMESTIC ASSAULT/STRANGULATION
-93.30696956,45.01233173,DASTR   ,DOMESTIC ASSAULT/STRANGULATION
-93.26126227,44.93685431,DASTR   ,DOMESTIC ASSAULT/STRANGULATION
-93.30694909,45.00183032,DASTR   ,DOMESTIC ASSAULT/STRANGULATION
-93.27403296,44.96458504,DASTR   ,DOMESTIC ASSAULT/STRANGULATION
-93.29565034,45.02489278,DASTR   ,DOMESTIC ASSAULT/STRANGULATION
-93.28529706,44.99913277,DASTR   ,DOMESTIC ASSAULT/STRANGULATION
-93.30257997,44.99149848,DASTR   ,DOMESTIC ASSAULT/STRANGULATION
-93.24171931,44.98221898,DASTR   ,DOMESTIC ASSAULT/STRANGULATION
-93.247363,44.9386332,DASTR   ,DOMESTIC ASSAULT/STRANGULATION
-93.27409088,44.94406457,DASTR   ,DOMESTIC ASSAULT/STRANGULATION
-93.27932994,44.96704546,DASTR   ,DOMESTIC ASSAULT/STRANGULATION
-93.26886327,44.97871306,DASTR   ,DOMESTIC ASSAULT/STRANGULATION
-93.31726,45.00964,DASTR   ,DOMESTIC ASSAULT/STRANGULATION
-93.30508811,44.9915029,DASTR   ,DOMESTIC ASSAULT/STRANGULATION
-93.30828599,45.02136805,DASTR   ,DOMESTIC ASSAULT/STRANGULATION
-93.30948844,45.0014961,DASTR   ,DOMESTIC ASSAULT/STRANGULATION
-93.30315672,45.00689686,DASTR   ,DOMESTIC ASSAULT/STRANGULATION
-93.29957435,45.03230103,DASTR   ,DOMESTIC ASSAULT/STRANGULATION
-93.27274,44.9609,DASTR   ,DOMESTIC ASSAULT/STRANGULATION
-93.30318077,45.01411528,DASTR   ,DOMESTIC ASSAULT/STRANGULATION
-93.30826503,45.01956023,DASTR   ,DOMESTIC ASSAULT/STRANGULATION
-93.24984928,44.96003386,DASTR   ,DOMESTIC ASSAULT/STRANGULATION
-93.21890261,44.9695447,DASTR   ,DOMESTIC ASSAULT/STRANGULATION
-93.30571259,44.99228544,DASTR   ,DOMESTIC ASSAULT/STRANGULATION
-93.27933147,44.9652876,DASTR   ,DOMESTIC ASSAULT/STRANGULATION
-93.22704,44.95198,DASTR   ,DOMESTIC ASSAULT/STRANGULATION
-93.23589116,45.00688548,DASTR   ,DOMESTIC ASSAULT/STRANGULATION
-93.27275923,44.96332,DASTR   ,DOMESTIC ASSAULT/STRANGULATION
-93.26511,44.96091,DASTR   ,DOMESTIC ASSAULT/STRANGULATION
-93.2228875,44.97079123,DASTR   ,DOMESTIC ASSAULT/STRANGULATION
-93.32551557,44.92223954,DASTR   ,DOMESTIC ASSAULT/STRANGULATION
-93.29621363,45.00595946,DASTR   ,DOMESTIC ASSAULT/STRANGULATION
-93.27713789,44.9698153,DASTR   ,DOMESTIC ASSAULT/STRANGULATION
-93.23890582,44.93862869,DASTR   ,DOMESTIC ASSAULT/STRANGULATION
-93.2998338,44.98782161,DASTR   ,DOMESTIC ASSAULT/STRANGULATION
-93.29105149,45.003144,DASTR   ,DOMESTIC ASSAULT/STRANGULATION
-93.24225605,44.99974848,DASTR   ,DOMESTIC ASSAULT/STRANGULATION
-93.26583963,44.97352012,DASTR   ,DOMESTIC ASSAULT/STRANGULATION
-93.29410106,44.98584606,DASTR   ,DOMESTIC ASSAULT/STRANGULATION
-93.25875301,44.93865277,DASTR   ,DOMESTIC ASSAULT/STRANGULATION
-93.26656761,44.89341209,DASTR   ,DOMESTIC ASSAULT/STRANGULATION
-93.25176492,44.93412333,DASTR   ,DOMESTIC ASSAULT/STRANGULATION
-93.22726809,44.89934537,DASTR   ,DOMESTIC ASSAULT/STRANGULATION
-93.31403261,45.00847933,DASTR   ,DOMESTIC ASSAULT/STRANGULATION
-93.26260588,44.9188095,DASTR   ,DOMESTIC ASSAULT/STRANGULATION
-93.22692634,44.98482326,DASTR   ,DOMESTIC ASSAULT/STRANGULATION
-93.2575,44.93956,DASTR   ,DOMESTIC ASSAULT/STRANGULATION
-93.22708129,44.94761321,DASTR   ,DOMESTIC ASSAULT/STRANGULATION
-93.27483,44.9796,DASTR   ,DOMESTIC ASSAULT/STRANGULATION
-93.31333825,45.01415454,DASTR   ,DOMESTIC ASSAULT/STRANGULATION
-93.29410106,44.98584606,DASTR   ,DOMESTIC ASSAULT/STRANGULATION
-93.2924801,44.98277339,DASTR   ,DOMESTIC ASSAULT/STRANGULATION
-93.26508332,44.93866796,DASTR   ,DOMESTIC ASSAULT/STRANGULATION
-93.27283796,44.94921221,DASTR   ,DOMESTIC ASSAULT/STRANGULATION
-93.23807829,44.94475963,DASTR   ,DOMESTIC ASSAULT/STRANGULATION
-93.24741103,44.94746433,DASTR   ,DOMESTIC ASSAULT/STRANGULATION
-93.26765722,44.96331735,DASTR   ,DOMESTIC ASSAULT/STRANGULATION
-93.30320045,44.99361263,DASTR   ,DOMESTIC ASSAULT/STRANGULATION
-93.31204918,45.007092,DASTR   ,DOMESTIC ASSAULT/STRANGULATION
-93.31590456,44.99245282,DASTR   ,DOMESTIC ASSAULT/STRANGULATION
-93.28721804,45.0129579,DASTR   ,DOMESTIC ASSAULT/STRANGULATION
-93.30606202,44.98074332,DASTR   ,DOMESTIC ASSAULT/STRANGULATION
-93.28571537,45.01490369,DASTR   ,DOMESTIC ASSAULT/STRANGULATION
-93.31080958,45.01956389,DASTR   ,DOMESTIC ASSAULT/STRANGULATION
-93.27713789,44.9698153,DASTR   ,DOMESTIC ASSAULT/STRANGULATION
-93.21648789,44.90809461,DASTR   ,DOMESTIC ASSAULT/STRANGULATION
-93.26267192,44.9488397,DASTR   ,DOMESTIC ASSAULT/STRANGULATION
-93.29816594,44.96592636,DASTR   ,DOMESTIC ASSAULT/STRANGULATION
-93.22589758,44.89981794,DASTR   ,DOMESTIC ASSAULT/STRANGULATION
-93.24786427,44.98137672,DASTR   ,DOMESTIC ASSAULT/STRANGULATION
-93.28722134,45.00258038,DASTR   ,DOMESTIC ASSAULT/STRANGULATION
-93.2582231,44.9483604,DASTR   ,DOMESTIC ASSAULT/STRANGULATION
-93.28282286,44.9769409,DASTR   ,DOMESTIC ASSAULT/STRANGULATION
-93.28721804,45.0129579,DASTR   ,DOMESTIC ASSAULT/STRANGULATION
-93.29637768,44.94836658,DASTR   ,DOMESTIC ASSAULT/STRANGULATION
-93.20418268,44.9064315,DASTR   ,DOMESTIC ASSAULT/STRANGULATION
-93.31883175,45.02410344,DASTR   ,DOMESTIC ASSAULT/STRANGULATION
-93.30730796,45.00512401,DASTR   ,DOMESTIC ASSAULT/STRANGULATION
-93.25672375,44.96900367,DASTR   ,DOMESTIC ASSAULT/STRANGULATION
-93.2476,44.89795,DASTR   ,DOMESTIC ASSAULT/STRANGULATION
-93.26255,44.9627,DASTR   ,DOMESTIC ASSAULT/STRANGULATION
-93.28731427,45.03942872,DASTR   ,DOMESTIC ASSAULT/STRANGULATION
-93.28302135,44.94747481,DASTR   ,DOMESTIC ASSAULT/STRANGULATION
-93.2970991,44.94041677,DASTR   ,DOMESTIC ASSAULT/STRANGULATION
-93.29411544,44.99469001,DASTR   ,DOMESTIC ASSAULT/STRANGULATION